dataset,method,mrate,mtype,lags,nof_filters,inter_method,epoch,mse,calculation_time
windmillsmall,STGCN,0.08129076731981089,block,8,12,linear,50,0.9871630668640137,1111.9413902759552
windmillsmall,IT-STGCN,0.08129076731981089,block,8,12,linear,50,0.983243465423584,28322.737447738647
