dataset,method,mrate,mtype,lags,nof_filters,inter_method,epoch,mse,calculation_time
windmillsmall,STGCN,0.08129076731981089,block,8,12,linear,50,0.9895123839378357,881.612939119339
windmillsmall,IT-STGCN,0.08129076731981089,block,8,12,linear,50,0.9828858375549316,22274.347008228302
