dataset,method,mrate,mtype,lags,nof_filters,inter_method,epoch,mse,calculation_time
windmillsmall,STGCN,0.08129076731981089,block,8,12,linear,50,1.0004818439483643,1487.9459159374237
windmillsmall,IT-STGCN,0.08129076731981089,block,8,12,linear,50,0.9885792136192322,30091.476275205612
