dataset,method,mrate,mtype,lags,nof_filters,inter_method,epoch,mse,calculation_time
windmillsmall,STGCN,0.08129076731981089,block,8,12,linear,50,0.9903572201728821,1982.9939756393433
windmillsmall,IT-STGCN,0.08129076731981089,block,8,12,linear,50,0.9831689596176147,54988.519686460495
