dataset,method,mrate,mtype,lags,nof_filters,inter_method,epoch,mse,calculation_time
windmillsmall,STGCN,0.08129076731981089,block,8,12,linear,50,0.9945552349090576,1934.7131094932556
windmillsmall,IT-STGCN,0.08129076731981089,block,8,12,linear,50,0.9860243797302246,31474.3496799469
