dataset,method,mrate,mtype,lags,nof_filters,inter_method,epoch,mse,calculation_time
windmillsmall,STGCN,0.08129076731981089,block,8,12,linear,50,0.9937270879745483,1604.8021988868713
windmillsmall,IT-STGCN,0.08129076731981089,block,8,12,linear,50,0.9843385815620422,23179.27104330063
