dataset,method,mrate,mtype,lags,nof_filters,inter_method,epoch,mse,calculation_time
windmillsmall,STGCN,0.08129076731981089,block,8,12,linear,50,0.9923881888389587,1395.4097797870636
windmillsmall,IT-STGCN,0.08129076731981089,block,8,12,linear,50,0.9890546202659607,22573.909269571304
