dataset,method,mrate,mtype,lags,nof_filters,inter_method,epoch,mse,calculation_time
windmillsmall,STGCN,0.08129076731981089,block,8,12,linear,50,0.9941463470458984,1394.2049579620361
windmillsmall,IT-STGCN,0.08129076731981089,block,8,12,linear,50,0.982883095741272,22660.333684921265
