dataset,method,mrate,mtype,lags,nof_filters,inter_method,epoch,mse,calculation_time
windmillsmall,STGCN,0.08129076731981089,block,8,12,linear,50,0.985576868057251,2178.937067747116
windmillsmall,IT-STGCN,0.08129076731981089,block,8,12,linear,50,0.9842698574066162,30924.453694820404
