dataset,method,mrate,mtype,lags,nof_filters,inter_method,epoch,mse,calculation_time
windmillsmall,STGCN,0.08129076731981089,block,8,12,linear,50,0.9952709674835205,1467.6395254135132
windmillsmall,IT-STGCN,0.08129076731981089,block,8,12,linear,50,0.9849371910095215,30075.21642780304
