dataset,method,mrate,mtype,lags,nof_filters,inter_method,epoch,mse,calculation_time
windmillsmall,STGCN,0.08129076731981089,block,8,12,linear,50,0.984138548374176,1956.1999459266663
windmillsmall,IT-STGCN,0.08129076731981089,block,8,12,linear,50,0.9826064705848694,32281.44730782509
