dataset,method,mrate,mtype,lags,nof_filters,inter_method,epoch,mse,calculation_time
windmillsmall,STGCN,0.08129076731981089,block,8,12,linear,50,0.9938027262687683,1849.2228589057922
windmillsmall,IT-STGCN,0.08129076731981089,block,8,12,linear,50,0.9849185943603516,31364.48180627823
