dataset,method,mrate,mtype,lags,nof_filters,inter_method,epoch,mse,calculation_time
windmillsmall,STGCN,0.08129076731981089,block,8,12,linear,50,0.9949790239334106,1595.6132943630219
windmillsmall,IT-STGCN,0.08129076731981089,block,8,12,linear,50,0.9888126254081726,30218.881794691086
