dataset,method,mrate,mtype,lags,nof_filters,inter_method,epoch,mse,calculation_time
windmillsmall,STGCN,0.08129076731981089,block,8,12,linear,50,0.9887101650238037,969.8508327007294
windmillsmall,IT-STGCN,0.08129076731981089,block,8,12,linear,50,0.9869948625564575,29569.237042188644
