dataset,method,mrate,mtype,lags,nof_filters,inter_method,epoch,mse,calculation_time
windmillsmall,STGCN,0.08129076731981089,block,8,12,linear,50,0.9925204515457153,950.6156072616577
windmillsmall,IT-STGCN,0.08129076731981089,block,8,12,linear,50,0.9842467904090881,29672.726702451706
