dataset,method,mrate,mtype,lags,nof_filters,inter_method,epoch,mse,calculation_time
windmillsmall,STGCN,0.08129076731981089,block,8,12,linear,50,0.9948179721832275,1600.8243610858917
windmillsmall,IT-STGCN,0.08129076731981089,block,8,12,linear,50,0.9846076369285583,28811.052672863007
