dataset,method,mrate,mtype,lags,nof_filters,inter_method,epoch,mse,calculation_time
windmillsmall,STGCN,0.08129076731981089,block,8,12,linear,50,0.9908097386360168,970.9738821983337
windmillsmall,IT-STGCN,0.08129076731981089,block,8,12,linear,50,0.9832437038421631,29695.23257470131
