dataset,method,mrate,mtype,lags,nof_filters,inter_method,epoch,mse,calculation_time
windmillsmall,STGCN,0.08129076731981089,block,8,12,linear,50,0.9890859127044678,909.2730569839478
windmillsmall,IT-STGCN,0.08129076731981089,block,8,12,linear,50,0.9871266484260559,29259.799243927002
