dataset,method,mrate,mtype,lags,nof_filters,inter_method,epoch,mse,calculation_time
windmillsmall,STGCN,0.08129076731981089,block,8,12,linear,50,0.9828217625617981,2202.7048881053925
windmillsmall,IT-STGCN,0.08129076731981089,block,8,12,linear,50,0.9938446283340454,31206.974518060684
