dataset,method,mrate,mtype,lags,nof_filters,inter_method,epoch,mse,calculation_time
windmillsmall,STGCN,0.08129076731981089,block,8,12,linear,50,0.9828551411628723,1985.442284822464
windmillsmall,IT-STGCN,0.08129076731981089,block,8,12,linear,50,0.9898265600204468,39266.63453936577
