dataset,method,mrate,mtype,lags,nof_filters,inter_method,epoch,mse,calculation_time
windmillsmall,STGCN,0.08129076731981089,block,8,12,linear,50,0.984802782535553,5825.741703748703
windmillsmall,IT-STGCN,0.08129076731981089,block,8,12,linear,50,0.9898437261581421,34077.214022397995
