dataset,method,mrate,mtype,lags,nof_filters,inter_method,epoch,mse,calculation_time
pedalme,STGCN,0,,4,12,,50,1.2827426195144653,3.3418943881988525
pedalme,IT-STGCN,0,,4,12,,50,1.2036511898040771,3.8187437057495117
pedalme,STGCN,0,,4,12,,50,1.2741140127182007,2.2588279247283936
pedalme,IT-STGCN,0,,4,12,,50,1.2775498628616333,2.887624502182007
pedalme,STGCN,0,,4,12,,50,1.2956846952438354,2.239384651184082
pedalme,IT-STGCN,0,,4,12,,50,1.3694672584533691,2.8683278560638428
