dataset,method,mrate,mtype,lags,nof_filters,inter_method,epoch,mse,calculation_time
windmillsmall,STGCN,0.08129076731981089,block,8,12,linear,50,0.9894789457321167,1000.6170899868011
windmillsmall,IT-STGCN,0.08129076731981089,block,8,12,linear,50,0.982694685459137,29541.978194236755
