dataset,method,mrate,mtype,lags,nof_filters,inter_method,epoch,mse,calculation_time
windmillsmall,STGCN,0.08129076731981089,block,8,12,linear,50,0.9865569472312927,1897.0760588645935
windmillsmall,IT-STGCN,0.08129076731981089,block,8,12,linear,50,1.0563387870788574,31504.539726495743
