dataset,method,mrate,mtype,lags,nof_filters,inter_method,epoch,mse,calculation_time
windmillsmall,STGCN,0.08129076731981089,block,8,12,linear,50,0.9931287169456482,1430.4480197429657
windmillsmall,IT-STGCN,0.08129076731981089,block,8,12,linear,50,0.9863145351409912,30124.08092212677
