dataset,method,mrate,mtype,lags,nof_filters,inter_method,epoch,mse,calculation_time
windmillsmall,STGCN,0.08129076731981089,block,8,12,linear,50,0.9901279807090759,1620.971517086029
windmillsmall,IT-STGCN,0.08129076731981089,block,8,12,linear,50,0.9840027093887329,29062.58617258072
