dataset,method,mrate,mtype,lags,nof_filters,inter_method,epoch,mse,calculation_time
windmillsmall,STGCN,0.08129076731981089,block,8,12,linear,50,0.9913341403007507,1702.0612440109253
windmillsmall,IT-STGCN,0.08129076731981089,block,8,12,linear,50,0.9876195192337036,30085.642584085464
