dataset,method,mrate,mtype,lags,nof_filters,inter_method,epoch,mse,calculation_time
windmillsmall,STGCN,0.08129076731981089,block,8,12,linear,50,0.9823512434959412,2028.5180099010468
windmillsmall,IT-STGCN,0.08129076731981089,block,8,12,linear,50,0.9859945178031921,32989.993596315384
