dataset,method,mrate,mtype,lags,nof_filters,inter_method,epoch,mse,calculation_time
windmillsmall,STGCN,0.08129076731981089,block,8,12,linear,50,0.9825845956802368,1966.0662853717804
windmillsmall,IT-STGCN,0.08129076731981089,block,8,12,linear,50,0.9810115098953247,34947.465492248535
