dataset,method,mrate,mtype,lags,nof_filters,inter_method,epoch,mse,calculation_time
windmillsmall,STGCN,0.08129076731981089,block,8,12,linear,50,0.9841846823692322,1949.3344757556915
windmillsmall,IT-STGCN,0.08129076731981089,block,8,12,linear,50,0.9807732105255127,31448.697514295578
