dataset,method,mrate,mtype,lags,nof_filters,inter_method,epoch,mse,calculation_time
windmillsmall,STGCN,0.08129076731981089,block,8,12,linear,50,0.9950992465019226,1564.0964393615723
windmillsmall,IT-STGCN,0.08129076731981089,block,8,12,linear,50,0.989352285861969,29065.303418636322
