dataset,method,mrate,mtype,lags,nof_filters,inter_method,epoch,mse,calculation_time
windmillsmall,STGCN,0.08129076731981089,block,8,12,linear,50,0.9956204891204834,1395.769822359085
windmillsmall,IT-STGCN,0.08129076731981089,block,8,12,linear,50,0.9897790551185608,28178.897743940353
