dataset,method,mrate,mtype,lags,nof_filters,inter_method,epoch,mse,calculation_time
windmillsmall,STGCN,0.08129076731981089,block,8,12,linear,50,1.0004067420959473,1919.1802413463593
windmillsmall,IT-STGCN,0.08129076731981089,block,8,12,linear,50,1.0187543630599976,31274.523822784424
