dataset,method,mrate,mtype,lags,nof_filters,inter_method,epoch,mse,calculation_time
windmillsmall,STGCN,0.08129076731981089,block,8,12,linear,50,0.9907352328300476,985.006847858429
windmillsmall,IT-STGCN,0.08129076731981089,block,8,12,linear,50,0.9804896116256714,35280.280816316605
