dataset,method,mrate,mtype,lags,nof_filters,inter_method,epoch,mse,calculation_time
windmillsmall,STGCN,0.08129076731981089,block,8,12,linear,50,0.9844193458557129,1952.7481791973114
windmillsmall,IT-STGCN,0.08129076731981089,block,8,12,linear,50,0.9818604588508606,55974.02906227112
