dataset,method,mrate,mtype,lags,nof_filters,inter_method,epoch,mse,calculation_time
windmillsmall,STGCN,0.08129076731981089,block,8,12,linear,50,0.9931164979934692,1581.281476020813
windmillsmall,IT-STGCN,0.08129076731981089,block,8,12,linear,50,0.9884985089302063,29192.638301372528
