dataset,method,mrate,mtype,lags,nof_filters,inter_method,epoch,mse,calculation_time
windmillsmall,STGCN,0.08129076731981089,block,8,12,linear,50,0.9864617586135864,1113.3529298305511
windmillsmall,IT-STGCN,0.08129076731981089,block,8,12,linear,50,0.9846246838569641,28571.305591106415
