dataset,method,mrate,mtype,lags,nof_filters,inter_method,epoch,mse,calculation_time
windmillsmall,STGCN,0.08129076731981089,block,8,12,linear,50,0.9881436824798584,968.8643379211426
windmillsmall,IT-STGCN,0.08129076731981089,block,8,12,linear,50,0.9819704294204712,29798.426607608795
