dataset,method,mrate,mtype,lags,nof_filters,inter_method,epoch,mse,calculation_time
windmillsmall,STGCN,0.08129076731981089,block,8,12,linear,50,0.9889352321624756,1585.2532160282135
windmillsmall,IT-STGCN,0.08129076731981089,block,8,12,linear,50,0.9815869331359863,30162.772512435913
