dataset,method,mrate,mtype,lags,nof_filters,inter_method,epoch,mse,calculation_time
windmillsmall,STGCN,0.08129076731981089,block,8,12,linear,50,0.9865943193435669,1991.0865015983582
windmillsmall,IT-STGCN,0.08129076731981089,block,8,12,linear,50,0.9808156490325928,31989.30148935318
