dataset,method,mrate,mtype,lags,nof_filters,inter_method,epoch,mse,calculation_time
windmillsmall,STGCN,0.08129076731981089,block,8,12,linear,50,0.9978851675987244,1534.1764237880707
windmillsmall,IT-STGCN,0.08129076731981089,block,8,12,linear,50,0.9903467893600464,27478.79725408554
