dataset,method,mrate,mtype,lags,nof_filters,inter_method,epoch,mse,calculation_time
windmillsmall,STGCN,0.08129076731981089,block,8,12,linear,50,0.9897951483726501,971.4593548774719
windmillsmall,IT-STGCN,0.08129076731981089,block,8,12,linear,50,0.9838785529136658,29574.723869085312
