dataset,method,mrate,mtype,lags,nof_filters,inter_method,epoch,mse,calculation_time
windmillsmall,STGCN,0.08129076731981089,block,8,12,linear,50,1.0084314346313477,1713.0207817554474
windmillsmall,IT-STGCN,0.08129076731981089,block,8,12,linear,50,1.0041639804840088,29249.204449653625
