dataset,method,mrate,mtype,lags,nof_filters,inter_method,epoch,mse,calculation_time
windmillsmall,STGCN,0.08129076731981089,block,8,12,linear,50,0.9870660305023193,2003.6884915828705
windmillsmall,IT-STGCN,0.08129076731981089,block,8,12,linear,50,0.9816026091575623,34223.427013874054
