dataset,method,mrate,mtype,lags,nof_filters,inter_method,epoch,mse,calculation_time
windmillsmall,STGCN,0.08129076731981089,block,8,12,linear,50,0.9921300411224365,1390.6554651260376
windmillsmall,IT-STGCN,0.08129076731981089,block,8,12,linear,50,0.9862584471702576,22591.368180513382
