dataset,method,mrate,mtype,lags,nof_filters,inter_method,epoch,mse,calculation_time
windmillsmall,STGCN,0.08129076731981089,block,8,12,linear,50,0.9932796955108643,1517.7423107624054
windmillsmall,IT-STGCN,0.08129076731981089,block,8,12,linear,50,0.987305760383606,29742.582725524902
