dataset,method,mrate,mtype,lags,nof_filters,inter_method,epoch,mse,calculation_time
windmillsmall,STGCN,0.08129076731981089,block,8,12,linear,50,0.9873929023742676,882.1601753234863
windmillsmall,IT-STGCN,0.08129076731981089,block,8,12,linear,50,0.9810948967933655,22218.519337892532
