dataset,method,mrate,mtype,lags,nof_filters,inter_method,epoch,mse,calculation_time
windmillsmall,STGCN,0.08129076731981089,block,8,12,linear,50,0.9825204610824585,2316.924724340439
windmillsmall,IT-STGCN,0.08129076731981089,block,8,12,linear,50,0.9825854301452637,31896.74728035927
