dataset,method,mrate,mtype,lags,nof_filters,inter_method,epoch,mse,calculation_time
windmillsmall,STGCN,0.08129076731981089,block,8,12,linear,50,0.9837420582771301,1841.5389006137848
windmillsmall,IT-STGCN,0.08129076731981089,block,8,12,linear,50,0.9853634834289551,31117.094445466995
