dataset,method,mrate,mtype,lags,nof_filters,inter_method,epoch,mse,calculation_time
windmillsmall,STGCN,0.08129076731981089,block,8,12,linear,50,1.0128811597824097,1599.3386752605438
windmillsmall,IT-STGCN,0.08129076731981089,block,8,12,linear,50,0.9840624928474426,22474.80349779129
