dataset,method,mrate,mtype,lags,nof_filters,inter_method,epoch,mse,calculation_time
windmillsmall,STGCN,0.08129076731981089,block,8,12,linear,50,0.9911142587661743,1033.4415881633759
windmillsmall,IT-STGCN,0.08129076731981089,block,8,12,linear,50,0.9861697554588318,28913.15825366974
