dataset,method,mrate,mtype,lags,nof_filters,inter_method,epoch,mse,calculation_time
windmillsmall,STGCN,0.08129076731981089,block,8,12,linear,50,0.9888536930084229,969.8296074867249
windmillsmall,IT-STGCN,0.08129076731981089,block,8,12,linear,50,0.9827622771263123,29070.941668748856
