dataset,method,mrate,mtype,lags,nof_filters,inter_method,epoch,mse,calculation_time
pedalme,STGCN,0,,4,12,,10,1.216029405593872,0.6020987033843994
pedalme,IT-STGCN,0,,4,12,,10,1.2135632038116455,0.791980504989624
pedalme,STGCN,0,,4,12,,10,1.1945735216140747,0.601569652557373
pedalme,IT-STGCN,0,,4,12,,10,1.2687371969223022,0.7970225811004639
pedalme,STGCN,0,,4,12,,10,1.2245259284973145,0.6082534790039062
pedalme,IT-STGCN,0,,4,12,,10,1.2160099744796753,0.8081033229827881
